seed,train_author,epochs_completed,loss_dataset,loss_value
8,baum,0,baum,10.823260018764396
8,baum,0,thompson,10.82044623490703
8,baum,0,dickens,10.826293766297336
8,baum,0,melville,10.815458236856664
8,baum,0,wells,10.823268837594458
8,baum,0,austen,10.82617285057498
8,baum,0,fitzgerald,10.818869524915394
8,baum,0,twain,10.822887808589613
8,baum,1,train,10.74414324760437
8,baum,1,baum,10.657154645675268
8,baum,1,thompson,10.65118973241376
8,baum,1,dickens,10.656035465778812
8,baum,1,melville,10.642339280311097
8,baum,1,wells,10.649301856206352
8,baum,1,austen,10.65052002606163
8,baum,1,fitzgerald,10.647610073896718
8,baum,1,twain,10.660335683014432
8,baum,2,train,10.632359409332276
8,baum,2,baum,10.586780323126376
8,baum,2,thompson,10.581191073952382
8,baum,2,dickens,10.588179111158745
8,baum,2,melville,10.56806294461514
8,baum,2,wells,10.5777990510103
8,baum,2,austen,10.579172928796185
8,baum,2,fitzgerald,10.576139741060729
8,baum,2,twain,10.591425591808257
8,baum,3,train,10.574095869064331
8,baum,3,baum,10.544460736788237
8,baum,3,thompson,10.539990381009316
8,baum,3,dickens,10.545777078740583
8,baum,3,melville,10.527111520158485
8,baum,3,wells,10.536837166085894
8,baum,3,austen,10.53714109512361
8,baum,3,fitzgerald,10.534242217949611
8,baum,3,twain,10.548129450264623
