seed,train_author,epochs_completed,loss_dataset,loss_value
0,thompson,0,baum,10.88571785975106
0,thompson,0,thompson,10.886400277154488
0,thompson,0,dickens,10.8838809877475
0,thompson,0,melville,10.882568582069002
0,thompson,0,wells,10.886971703354194
0,thompson,0,austen,10.88573373104316
0,thompson,0,fitzgerald,10.88481700671876
0,thompson,0,twain,10.886996745639378
0,thompson,1,train,10.817536306381225
0,thompson,1,baum,10.751495334166515
0,thompson,1,thompson,10.75710956673873
0,thompson,1,dickens,10.752871948983142
0,thompson,1,melville,10.75047334205233
0,thompson,1,wells,10.749120887444944
0,thompson,1,austen,10.743610198288454
0,thompson,1,fitzgerald,10.755628378582404
0,thompson,1,twain,10.749871444702148
0,thompson,2,train,10.719810628890992
0,thompson,2,baum,10.663476114031637
0,thompson,2,thompson,10.67167047450417
0,thompson,2,dickens,10.667080038512402
0,thompson,2,melville,10.66436825206573
0,thompson,2,wells,10.659870019250986
0,thompson,2,austen,10.651793961861914
0,thompson,2,fitzgerald,10.670711654148022
0,thompson,2,twain,10.66085627746582
0,thompson,3,train,10.657119464874269
0,thompson,3,baum,10.635936586162712
0,thompson,3,thompson,10.644423944908276
0,thompson,3,dickens,10.639449069695894
0,thompson,3,melville,10.63816283050918
0,thompson,3,wells,10.631569002112563
0,thompson,3,austen,10.622761475197509
0,thompson,3,fitzgerald,10.643243300763867
0,thompson,3,twain,10.632494959513346
